[{"rental":{"rental":"Rental Volketswil","rentalUUID":"ecd86148-5341-43c6-81ed-f3f4595965dc"},"carUUID":"3247c340-c712-402e-b400-0a23a9368c97","brand":"Volkswagen","model":"Golf","category":"Compacts","color":"White","horsepower":160,"range":270,"fuel":"Gas"},{"rental":{"rental":"Rental Volketswil","rentalUUID":"ecd86148-5341-43c6-81ed-f3f4595965dc"},"carUUID":"c7365af7-95be-44af-8bc5-8d35a4457d4a","brand":"BMW","model":"iX","category":"SUV","color":"Blue","horsepower":200,"range":605,"fuel":"Electric"}]